"Tips to manage your money efficiently when traveling abroad and avoid unnecessary bank fees", debit card---TOFU, es, debit card;;;;TOFU
"Best ways to pay in foreign currencies while traveling outside the eurozone", debit card---TOFU, es, debit card;;;;TOFU

"Best debit cards in Spain for paying and withdrawing cash abroad without fees", debit card---BOFU, es, debit card;;;;BOFU
"Compare debit cards in Spain with no foreign transaction fees", debit card---BOFU, es, debit card;;;;BOFU
"Which debit card in Spain offers free ATM withdrawals abroad?", debit card---BOFU, es, debit card;;;;BOFU
"Top debit cards in Spain for young travelers looking to save on fees", debit card---BOFU, es, debit card;;;;BOFU
"Open a debit card in Spain with no maintenance or issuance fees", debit card---BOFU, es, debit card;;;;BOFU

"Smart money tips for young people in Spain traveling abroad for the first time", debit card-Young people in Spain (youth segment)--TOFU, es, debit card;Young people in Spain (youth segment);;;TOFU
"How digital banking helps app savvy users manage spending abroad", debit card-Digital users comfortable with app-based banking--TOFU, es, debit card;Digital users comfortable with app-based banking;;;TOFU
"How to manage travel expenses easily if you travel abroad frequently", debit card-Frequent travelers or people planning trips abroad--TOFU, es, debit card;Frequent travelers or people planning trips abroad;;;TOFU
"How to avoid unnecessary bank fees when you are young and on a tight budget", debit card-Young people on a tight budget looking to save on fees--TOFU, es, debit card;Young people on a tight budget looking to save on fees;;;TOFU
"Best ways to organize and split expenses on a group trip with friends", debit card-Group travelers who share expenses--TOFU, es, debit card;Group travelers who share expenses;;;TOFU
"How to manage recurring subscriptions while traveling abroad", "debit card-Subscription users (Netflix, Spotify, gyms)--TOFU", es, "debit card;Subscription users (Netflix, Spotify, gyms);;;TOFU"
"Is it safe to rely only on mobile payments when traveling abroad?", debit card-People who prefer mobile/contactless payments over cash--TOFU, es, debit card;People who prefer mobile/contactless payments over cash;;;TOFU

"Best debit cards in Spain for young people who travel abroad", debit card-Young people in Spain (youth segment)--BOFU, es, debit card;Young people in Spain (youth segment);;;BOFU
"Top app based debit cards in Spain for digital users", debit card-Digital users comfortable with app-based banking--BOFU, es, debit card;Digital users comfortable with app-based banking;;;BOFU
"Best debit cards in Spain for frequent travelers with no foreign fees", debit card-Frequent travelers or people planning trips abroad--BOFU, es, debit card;Frequent travelers or people planning trips abroad;;;BOFU
"Which debit card in Spain helps young people save on international payments?", debit card-Young people on a tight budget looking to save on fees--BOFU, es, debit card;Young people on a tight budget looking to save on fees;;;BOFU
"Best debit cards to split expenses easily on trips with friends", debit card-Group travelers who share expenses--BOFU, es, debit card;Group travelers who share expenses;;;BOFU
"Debit cards in Spain that work best for managing online subscriptions", "debit card-Subscription users (Netflix, Spotify, gyms)--BOFU", es, "debit card;Subscription users (Netflix, Spotify, gyms);;;BOFU"
"Best mobile friendly debit cards in Spain with contactless payments", debit card-People who prefer mobile/contactless payments over cash--BOFU, es, debit card;People who prefer mobile/contactless payments over cash;;;BOFU

"How to choose a debit card with no issuance or maintenance fees in Spain", debit card--No issuance fee and no maintenance fee-TOFU, es, debit card;;No issuance fee and no maintenance fee;;TOFU
"How to avoid foreign transaction fees when paying abroad with your card", "debit card--0% fee on foreign-currency payments at physical merchants worldwide, every day of the week-TOFU", es, "debit card;;0% fee on foreign-currency payments at physical merchants worldwide, every day of the week;;TOFU"
"How to withdraw cash abroad without paying extra bank fees", debit card--0% fee on debit cash withdrawals at ATMs abroad (the ATM owner/operator may still charge a fee)-TOFU, es, debit card;;0% fee on debit cash withdrawals at ATMs abroad (the ATM owner/operator may still charge a fee);;TOFU
"Where to withdraw cash for free in Spain using your debit card", "debit card--Free cash withdrawals at more than 11,000 CaixaBank ATMs in Spain-TOFU", es, "debit card;;Free cash withdrawals at more than 11,000 CaixaBank ATMs in Spain;;TOFU"
"How long does it take to receive a physical debit card at home in Spain?", debit card--Physical card shipped for free to your home in 10-15 days-TOFU, es, debit card;;Physical card shipped for free to your home in 10-15 days;;TOFU
"How to use your debit card with Apple Pay or Google Pay when traveling", "debit card--Compatible with mobile wallets (Apple Pay, Google Pay, etc.)-TOFU", es, "debit card;;Compatible with mobile wallets (Apple Pay, Google Pay, etc.);;TOFU"
"How contactless ATM withdrawals work with your phone or smartwatch", debit card--Contactless withdrawals from your phone or smartwatch-TOFU, es, debit card;;Contactless withdrawals from your phone or smartwatch;;TOFU
"What to do if you lose your debit card abroad and need to block it instantly", debit card--Instant card lock and unlock from the app-TOFU, es, debit card;;Instant card lock and unlock from the app;;TOFU
"How real time transaction notifications help you control spending abroad", debit card--Card transaction notifications-TOFU, es, debit card;;Card transaction notifications;;TOFU
"Why it matters if your debit card works on the Mastercard network abroad", debit card--Mastercard network-TOFU, es, debit card;;Mastercard network;;TOFU
"How to save up to 3.95% on currency exchange fees when traveling outside the eurozone", "debit card--Save 2.5% in EU countries with a non-euro currency, and 3.95% in the rest of the world compared to the usual fees charged by other banks-TOFU", es, "debit card;;Save 2.5% in EU countries with a non-euro currency, and 3.95% in the rest of the world compared to the usual fees charged by other banks;;TOFU"

"Best debit cards in Spain with no issuance or maintenance fees", debit card--No issuance fee and no maintenance fee-BOFU, es, debit card;;No issuance fee and no maintenance fee;;BOFU
"Debit cards in Spain with 0% foreign transaction fees worldwide", "debit card--0% fee on foreign-currency payments at physical merchants worldwide, every day of the week-BOFU", es, "debit card;;0% fee on foreign-currency payments at physical merchants worldwide, every day of the week;;BOFU"
"Top debit cards for free ATM withdrawals abroad from Spain", debit card--0% fee on debit cash withdrawals at ATMs abroad (the ATM owner/operator may still charge a fee)-BOFU, es, debit card;;0% fee on debit cash withdrawals at ATMs abroad (the ATM owner/operator may still charge a fee);;BOFU
"Debit cards in Spain with free withdrawals at CaixaBank ATMs", "debit card--Free cash withdrawals at more than 11,000 CaixaBank ATMs in Spain-BOFU", es, "debit card;;Free cash withdrawals at more than 11,000 CaixaBank ATMs in Spain;;BOFU"
"Best debit cards compatible with Apple Pay and Google Pay in Spain", "debit card--Compatible with mobile wallets (Apple Pay, Google Pay, etc.)-BOFU", es, "debit card;;Compatible with mobile wallets (Apple Pay, Google Pay, etc.);;BOFU"
"Debit cards in Spain with instant lock and unlock from the app", debit card--Instant card lock and unlock from the app-BOFU, es, debit card;;Instant card lock and unlock from the app;;BOFU
"Debit cards with real time transaction notifications in Spain", debit card--Card transaction notifications-BOFU, es, debit card;;Card transaction notifications;;BOFU
"Best Mastercard debit cards in Spain for international travel", debit card--Mastercard network-BOFU, es, debit card;;Mastercard network;;BOFU
"Debit cards in Spain that save up to 3.95% on currency exchange fees", "debit card--Save 2.5% in EU countries with a non-euro currency, and 3.95% in the rest of the world compared to the usual fees charged by other banks-BOFU", es, "debit card;;Save 2.5% in EU countries with a non-euro currency, and 3.95% in the rest of the world compared to the usual fees charged by other banks;;BOFU"
